category,business_name,phone
Restaurants,La Riv Kitchen and Bar,254-231-3661
Restaurants,Backyard bar bbq,254-780-9889
Restaurants,Old Jody's,254-778-9954
Restaurants,The Gin at Nolan Creek,254-613-4446
Restaurants,Big Chew Chew's burgers,254-780-4300
Restaurants,Texas Smokehaus BBQ,254-541-0887
Restaurants,3 west ale house,254-935-2004
Restaurants,Grabba Green,254-935-0707
Restaurants,Deadfish grill,254-939-5771
Restaurants,Mosaic,254-613-5240
Restaurants,Megg's café,254-771-3800
Restaurants,Best quality Meat and BBQ,254-899-0202
Restaurants,Mi Pueblo,254-933-7621
Restaurants,Joe's Pizza and Pasta,254-432-6070
Restaurants,Mission Taco,254-634-2238
Restaurants,Chau's Café,254-213-1262
Restaurants,Petty's BBQ,254-432-7388
Restaurants,Nami Killeen,254-200-0404
Restaurants,Tham Rab Thai,254-213-4744
Restaurants,1LUV Island Restaurant,254-200-1485
Restaurants,Little Italy,254-526-5163
Restaurants,Tex-Rican Restaurant,254-213-2776
Restaurants,Great Wall Café,254-554-7750
Restaurants,Black Meg 43,254-200-9634
Restaurants,MJ's Bar & Grill,254-554-7008
Restaurants,Harv's Sports Bar & Grill,254-690-5511
Restaurants,Bobby Lupo's Pizzeria Harker Heights,254-690-5876
Restaurants,Juicy Joy Deli & Coffee,254-768-2163
Restaurants,Little Tokyo,254-781-2020
Restaurants,Nami Belton,254-933-0404
Restaurants,Hallmark Restaurant,254-526-6050
Restaurants,The sport bar & restaurant,254-432-4244
Restaurants,Los Cabos Seafood Bar and Mexican Grill,254-213-4488
Restaurants,Little Jamaica restaurant and Lounge,254-213-2830
Restaurants,Hook and reel cajun seafood and bar,254-432-4049
Restaurants,Yank Sing,254-628-8388
Restaurants,El Taco Jalisco Mexican Restaurant,254-519-1717
Restaurants,Meno's Mexican Grill,254-554-8220
Restaurants,Tillie Marie's Comfort Food,254-213-2699
Restaurants,City Grill Killeen,254-291-5894
Restaurants,Geechies southern style Restaurant,254-616-2444
Restaurants,Hiebra Fresca Restaurant,254-383-2036
Restaurants,Island Spice Restaurant,254-680-4066
Other,Exchange on central (antique store),254-933-8833
Other,A&S Cozy candles,254-563-5079
Home Improvement,Through the Dutch Door,254-677-6320
Home Improvement,McCoy's Building Supply,254-939-1131
Home Improvement,Norman Building Material,254-939-5132
Home Improvement,Surface source design center,254-939-6464
Home Improvement,Quality Builder supply Ltd.,254-939-3899
Home Improvement,Kitchen & Bath revamp,254-939-1039
Home Improvement,Star Remodeling,512-649-2663
Home Improvement,Belton Glass & Door,254-933-7475
Home Improvement,Floor Store & More,254-939-3502
Home Improvement,Texican Lumber Co,432-270-4722
Home Improvement,Bourland Landscape Supplies & Outdoor Power Equipment,254-933-7769
Coffee Shops,Amy's Coffee Co.,
Coffee Shops,Toast&tea,254-613-4494
Coffee Shops,Rock a doodle brew,254-410-2830
Coffee Shops,Warm Cookie Belton,254-346-7504
Coffee Shops,The Bloom Coffee Roasters,254-432-6235
Coffee Shops,Coffee Beanery,254-833-5307
Coffee Shops,Boozy Beans Coffery,254-432-4095
Coffee Shops,Lazy Boba,254-350-8880
Coffee Shops,Chic French Bakery Café,254-415-7172
Coffee Shops,Bohica Espresso,254-213-0746
Coffee Shops,Euns Café,254-415-7124
Feed Stores,Belton Feed & Supply,254-939-3636
Feed Stores,Barfield Hay Company,254-931-6766
Feed Stores,Outlaw Feed,254-534-5279
Feed Stores,Goodwin Farm & Ranch Supply,254-773-8840
Feed Stores,Wendland's Farm Products,254-773-5211
Feed Stores,Central Texas Feed & Supply,254-628-1002
Barber/Salon,East street barber,254-444-1394
Barber/Salon,Beltons central ave barber shop,254-933-7260
Barber/Salon,Jackson Barber shop,254-939-9078
Barber/Salon,Legendary cuts,254-613-5199
Barber/Salon,J Kelly's Salon & Barber Shop,254-771-0046
Barber/Salon,roJo Salon and Boutique,254-771-9981
Barber/Salon,Hair and nail madness,254-791-4247
Barber/Salon,Dream Hair Salon LLC,512-578-9795
Barber/Salon,Headlinez Barbershop,254-415-7722
Clothing,iMERAKi LLC,254-831-5101
Clothing,Altered Apparel,254-939-2031
Clothing,Madden Grant,469-939-6692
Clothing,The porch Boutique,254-613-4700
Clothing,Cochran Blair & Potts,254-939-3333
Clothing,Reyna Clothier,512-855-1199
Clothing,Dolce Vita Suit Company,254-781-2703
Clothing,254Studious,501-203-7700
Furniture,Buddys Home Furnishing,254-778-8002
Furniture,DuBois Furniture,254-774-9776
Furniture,First Furniture & TV,254-773-4452
Furniture,BoxDrop Temple,214-532-9602
Furniture,Mega Furniture Killeen mall,254-245-9408
Furniture,Furniture World,254-519-0772
Jewelry,Lastovica Jewelers,254-773-5772
Jewelry,Devereaux Jewelers,254-771-1260
Jewelry,Jewelry with Margarita Rios,254-541-8787
Jewelry,John's Jewelry & repair,254-913-1154
Jewelry,Trident Gold,254-598-2212
Jewelry,Mikes Gold Buyers,254-771-0897
Car Dealerships,Tricolor Auto Temple,800-927-2379
Car Dealerships,Centex Auto,254-899-0713
Car Dealerships,Public Automotive Group Temple,254-935-0900
Car Dealerships,Amigo Auto Sales,254-213-7617
Car Dealerships,SDM Auto Sales,817-476-8661
Car Dealerships,ATC Auto Group,254-493-9878
Car Dealerships,Thomas Ryan Motor Company LLC,254-778-4002
Car Dealerships,Bob Ritchie's Texas Toys,254-773-6778
Car Dealerships,Shelley's Auto Sales,254-939-0688
Car Dealerships,L&N Auto Sales,254-613-8991
Car Dealerships,Nyle Maxwell CDJR Killeen,254-200-3900
Car Dealerships,McLeod Auto Sales,254-200-9803
Car Dealerships,Killeen Auto Sales,254-699-5810
Car Dealerships,Budget Used Car Sales,254-699-6200
Car Dealerships,Phoenix auto group,254-939-9999
Car Dealerships,Quality used cars sale Belton,254-831-9088
Car Dealerships,Connell Country used cars,254-200-4800
Car Dealerships,Action Motors,254-634-1010
Car Dealerships,Drive 1 Killeen,254-634-4555
Car Dealerships,Performance Motors,254-702-2885
Car Dealerships,Killeen Certified,512-746-8109
Car Dealerships,Maxdale Auto Sales,254-870-8094
Car Dealerships,Garlyn Shelton Imports,254-771-0128
Car Dealerships,Double R Auto Sales,254-228-0213
Car Dealerships,Temple Auto Depot,254-272-3988
Car Dealerships,Volvo Cars of Temple,877-361-2058
Car Dealerships,Bell County Motorworks,254-690-1901
Car Dealerships,Texas Right Choice,254-939-2277
Auto Repair,M&B Auto repair inc,254-939-2500
Auto Repair,J C Auto Repair,254-933-9292
Auto Repair,Jones Home & Auto Supply,254-939-3785
Auto Repair,Jessie & Brothers Garage,254-939-7550
Auto Repair,Quality Tire & Auto Service,254-933-1547
Auto Repair,First Choice Automotive Repairs,254-213-3674
Auto Repair,Auto Euphoria,254-213-9540
Auto Repair,JJ's Auto Repair,254-526-3463
Auto Repair,Riveras Auto Repair,254-554-3363
Auto Repair,Eastern Auto Repair,254-630-1384
Auto Repair,Auto Masters Repair Shop,254-226-3541
Auto Repair,Phil's Service,254-616-1659
Auto Repair,Craigs Auto Repair,254-519-3003
Law Firms,Biebas and Riley Attorneys at Law,254-781-5914
Law Firms,F. Edward Brown Attorney,254-634-2587
Law Firms,James H Kreimeyer Attorney,254-939-9393
Law Firms,The Carlson Law Firm Injury Lawyers,254-771-5688
Law Firms,Felix Gonzalez Accident and Injury Law Firm,254-221-1999
Law Firms,Mary Beth Harrell Law firm,254-276-3658
Law Firms,Harrell Stoebner & Russell P.C.,254-935-3036
Law Firms,Zimmerman Law Firm P.C.,254-276-2368
Law Firms,Law Office of Brett H. Pritchard,254-220-4225
Law Firms,Joseph L. Jordan Attorney at Law,888-554-1396
Law Firms,Michalk Beatty & Alcozer L.P.,254-727-7235
Lawn Care,Emerald Lawns,254-375-8330
Lawn Care,Temple Lawn Care,254-541-6631
Lawn Care,Lawn Professor,254-262-0060
Lawn Care,Yanez Tree Services,254-718-3814
Lawn Care,RZ Lawn Care,317-586-5329
Lawn Care,The Ground Guys of Temple,254-870-1084
Lawn Care,American Veterans Lawn Care,254-781-0092
Lawn Care,D&M Lawncare,254-541-1867
Lawn Care,Mac's Mowing,254-721-4907
Lawn Care,Owens Lawn Services,254-563-5968
Lawn Care,H&M Mowing,254-770-0564
Lawn Care,Paz Lawn Care,254-563-3378
Lawn Care,Castillo Irrigation,254-216-0496
Lawn Care,Hernandez Lawn Care,254-421-3712
Lawn Care,Rodriguez Lawn Service,254-743-8974
Lawn Care,Crispcutlawns,254-899-5379
Lawn Care,A Avila Lawn Services,254-231-6884
Lawn Care,H.P.V. Tree services & landscape,254-624-9214
Lawn Care,Vasquez Lawn Service,254-541-7449
Lawn Care,Campos Lawncare Service,254-413-0463
Lawn Care,Chavez Landscaping,254-743-9020
Lawn Care,Src Solutions Inc.,254-300-6443
Lawn Care,TruGreen Lawn Care,512-388-3726
Lawn Care,Aaron Frost Lawn Care,254-493-6138
Lawn Care,Hughes Lawn Care,512-853-0007
Lawn Care,Temple Lawn and Tree,254-624-1642
Lawn Care,2 Little Brothers Landscaping,254-780-8012
Lawn Care,Leon Landscaping,254-421-7831
Lawn Care,McPherson's Lawn care services,254-500-3645
Realtors,Becky Judkins Realtor,254-338-0692
Realtors,Alyssa Johnson Realtor,254-654-2048
Realtors,Keeping it Realty,254-935-3808
Realtors,Mary Jane Roach Realty,254-721-0071
Realtors,Jordan Hernandez Realtor,254-563-9091
Realtors,People 1st Realty Group,254-247-0683
Realtors,Jodi Brazeal Magnolia Realty,254-721-7364
Realtors,Ali Thompson Realtor,254-718-6777
Realtors,Taylor Dasch Realtor,972-765-6563
Realtors,James Garvey EXP Realty,858-945-2130
Realtors,Maria Jones Hall Realtor,254-563-9058
Pet Services,Bell county Animal Shelter,254-933-6780
Pet Services,Journey Home Rescue,254-721-4264
Pet Services,Rescue Magazine,254-231-3690
Pet Services,Almost home pet resort,254-939-2501
Pet Services,Posh Paws Pet Salon,254-321-9311
Pet Services,Barking Oaks Pet Resort,254-778-2275
Pet Services,Country Home Pet Boarding,254-228-9332
Pet Services,4 Legs of Love Boarding & Grooming,254-239-5307
Pet Services,Dirty Dogs Spaw @ Pearl's Place,254-654-1452
Pet Services,Bark & Beyond Pet Salon,254-727-4114
Pet Services,Ruff Puppy Boarding & training,512-943-2922
Pet Services,The Dog Spot,254-947-3647
Pet Services,Shamrock Grooming,254-933-1669
Pet Services,Sunny Day Doggy Daycare LLC,254-987-8478
Pet Services,Stillhouse Luxury Pet Hotel,254-501-7298
Pet Services,Killeen Animal Care,254-634-2284
Pet Services,Tails a Waggin Grooming and Roomin LLC,254-200-9433
Pet Services,Michaels Pet Grooming and Boarding,254-630-0905
Pet Services,Shangri Paw LLC,254-554-7297
Pet Services,Rag's to Rich's,254-690-2686
Pet Services,EaseMyMind LLC,254-319-5460
Pet Services,Booker's Pet Hotel,254-699-6365
Pet Services,Barker Heights Bed & Biscuit,254-519-2422
Pet Services,Board with Love,254-220-7000
Gun Stores,The Gun Range,254-781-2166
Gun Stores,Mountain Creek Range,254-793-3070
Gun Stores,Gun Galore LLC,254-501-7147
Gun Stores,Marksman Killeen,254-690-0483
Gun Stores,Custom Defense Firearms LLC,408-597-4867
Gun Stores,Mr. X Tactical,254-245-8395
Gun Stores,Nocked & Loaded,254-833-5771
Gun Stores,Hawkeye Shooting Academy Indoor Range,254-295-0951
Gun Stores,Sendero Shooting Sports,254-613-4666
Gun Stores,Weber's,254-791-4867
Gun Stores,Trollwerks,254-300-8213
Gun Stores,Politics and Pinups,254-226-3006
Gun Stores,A & C Firearms,254-983-4417
Gun Stores,Hammer Down Sports Gunsmith Service,254-534-0739
Gun Stores,Old Glory Outfitters,254-624-9126
Gun Stores,Centex Tactical Gear Military Surplus,254-231-3583
Gun Stores,A1 Gun Works,254-721-2773
Gun Stores,Custom Firearm Products,254-327-1836
Spa/Nail Salons,Nails Organic Spa,254-933-1400
Spa/Nail Salons,Paris Nails and Spa,254-939-3161
Spa/Nail Salons,Nails & Spa De Miel,254-939-5401
Spa/Nail Salons,Love's Nails & Spa,254-939-9818
Spa/Nail Salons,Woodhouse Spa,254-933-2275
Spa/Nail Salons,Kutula Salon,254-933-7755
Spa/Nail Salons,The Greenbriar Salon & Spa,254-939-3700
Spa/Nail Salons,Stixx Salon,254-654-8917
Spa/Nail Salons,Sonja's Sixth Avenue Salon,254-338-7705
Spa/Nail Salons,Spa Riffic,254-295-0010
Spa/Nail Salons,Paradise Nails & Spa,254-598-2397
Spa/Nail Salons,Nail Spa Allure,254-771-9000
Spa/Nail Salons,Venice Spa and Nails,254-295-0267
Spa/Nail Salons,Larita Nail Spa,254-681-8783
Spa/Nail Salons,Super nails,254-295-0910
Spa/Nail Salons,EZ Nails,254-239-5560
Spa/Nail Salons,LA Nail Salon,254-742-2570
Spa/Nail Salons,Hair & Nail Madness,254-791-4247
Spa/Nail Salons,All Pro Nails,254-771-2345
Spa/Nail Salons,VIP Nail Salon,254-773-8833
Spa/Nail Salons,Tulip Nails and Spa,254-231-3986
Spa/Nail Salons,Luxe Nails & Spa,254-228-5349
Spa/Nail Salons,Diamond Spa Bar,254-228-5856
Spa/Nail Salons,Klip'd Hair & Nail Salon,254-770-0177
Spa/Nail Salons,Cosmo Nail & Spa,254-231-3502
Spa/Nail Salons,Vida Salon,254-228-5245
Spa/Nail Salons,Expressions Hair & Nail Salon,254-570-0002
Spa/Nail Salons,R&B's Salon & Spa,254-410-7184
Spa/Nail Salons,Luxx,254-295-0108
Spa/Nail Salons,Meraki Designer Salon,254-217-3391
Spa/Nail Salons,Contessa Beauty Salon,254-773-3841
Spa/Nail Salons,Lee's Spa & Nail,254-791-2700
Spa/Nail Salons,VK Nails,254-616-6551
Spa/Nail Salons,Absolute Bella Nails and Spa,254-432-4018
Spa/Nail Salons,Rose Nails,254-690-7455
Spa/Nail Salons,Aeon Nail Spa,254-680-4304
Spa/Nail Salons,Tranquility Nails,254-554-5003
Spa/Nail Salons,Creative Nails,254-680-7777
Spa/Nail Salons,US Nails and Spa,254-680-2720
Spa/Nail Salons,Venetian Nails and Spa,254-781-7011
Spa/Nail Salons,InStyle Nails,254-690-8989
Spa/Nail Salons,Nail Club & Spa,254-768-0770
Spa/Nail Salons,Venice nails spa,254-526-5508
Spa/Nail Salons,Tiffany Nails & Spa,254-554-8383
Spa/Nail Salons,Nails by Vo Day Spa,254-526-6245
Spa/Nail Salons,City Nails,254-690-6274
Spa/Nail Salons,Hollywood Nails And Spa,254-953-4122
Spa/Nail Salons,Top Koat Nail Studio,254-630-1639
Spa/Nail Salons,Nail Works,254-690-1684
Spa/Nail Salons,Top Ten Nails,254-200-0888
Dentists,Lakewood Dental Trails,254-206-3200
Dentists,ACE Dental of Temple,254-742-1800
Dentists,Belton Family Dental,254-246-7177
Dentists,Dental Center of Belton PA,254-939-3721
Dentists,Dr. Sam W. Teas DDS,254-939-3033
Dentists,Temple Dental Trails,254-771-1115
Dentists,Temple Choice Dental,254-727-7144
Dentists,Aspen Dental,254-651-3415
Dentists,Emergency Care Dental Spa,254-773-0055
Dentists,Carus Dental Temple,254-778-3002
Dentists,Fairbanks Dental Associates Temple,254-778-4402
Dentists,Richard Fossum DDS,254-778-3900
Dentists,Red Balloon Family Dentistry,254-778-3384
Dentists,Acre Wood Dental Temple,254-778-4951
Dentists,Pazmino Dentistry,254-778-3587
Dentists,City Creek Dental,254-249-5420
Dentists,Your total Dental & Orthodontics Temple,254-405-6066
Dentists,Cox Bond Dental,254-778-1893
Dentists,Pediatric Dentistry of Temple,254-284-1000
Dentists,Killeen Family Dentistry,254-218-6349
Dentists,House of Smiles,254-680-4450
Dentists,Killeen Dental Health Care,254-519-4700
Dentists,Killeen Dental Group,254-634-0234
Dentists,Carus Dental Killeen,254-618-5050
Dentists,Central Family Dental,254-519-2875
Dentists,Central Texas Family Dental,254-690-3600
Dentists,Castle Dental & Orthodontics,254-501-3234
Dentists,Elm Ridge Implant and Family Dentistry,254-699-4127
Dentists,All Dental & Braces,254-247-2020
Dentists,Texas Star Smiles & Fastbraces,254-237-1342
Dentists,Rodea Dental & Orthodontics of Killeen,254-284-1772
Dentists,Higson & Snyder family Dentistry,254-634-3811
Dentists,Topaz Dentistry,254-382-8768
Dentists,Allied Dental Center,254-690-7997
Dentists,Resolution Dental,254-781-0537
Dentists,Smile Magic of Killeen,254-616-9280
Dentists,Lone Star Pediatric Dental & Braces Belton,254-933-7760
Doctors,Sparta Road Pediatric Clinic,254-231-0083
Doctors,Opening Galts Pediatric Center,254-939-3112
Doctors,Dr. Tinku Davis,512-931-2190
Doctors,Dr. Robert Burke,254-933-1400
Doctors,Sara Sultz,254-831-2100
Doctors,Holly M. Fatter MD,254-298-2465
Doctors,Temple Towne Center Pediatric Clinic,254-724-5437
Doctors,Killeen Pediatric Care Clinic,254-526-8300
Doctors,ABC Pediatrics,254-634-7337
Doctors,Dr. Ricky D Mitchell MD,254-554-8773
Doctors,Dr. Monzoor S. Farooqi MD,254-634-7337
Doctors,Family & Children's Clinic,254-554-3494
Doctors,Elizabath C.N. Winful-Acquaye MD,512-778-7003
Storage,Belton Mini-Storage,254-939-2999
Storage,Extra Space Storage Belton,254-304-7711
Storage,RightSpace Storage,254-213-2372
Storage,I35 Self Storage,254-939-8866
Storage,Hide-A-Way Self Storage,254-939-8700
Storage,AAAA Storage,254-939-5355
Storage,Lakewood Self Storage,254-780-9110
Storage,My Garage Self Storage Belton,254-831-9044
Storage,Amy's Attic Self Storage,254-780-3022
Storage,Double D boat & Mini Storage,254-742-7733
Storage,Stillhouse Self Storage,254-939-0700
Storage,Bell Storage,254-986-2300
Storage,Noah Valley Storage,254-800-5972
Storage,Stillhouse Boat & RV Storage,254-236-2500
Storage,Big Red Barn Self Storage Belton,254-291-0439
Storage,Mount Storage,254-616-9892
Storage,10 Federal Storage,254-249-5074
Storage,Move it Storage,254-276-3623
Storage,My Garage Self Storage Temple,254-410-0228
Storage,Eagle Self Storage,254-774-8778
Storage,Smartlock Self Storage,254-771-3663
Storage,Big Red Barn Self Storage Temple,254-613-5287
Storage,Northwest Hills Self Storage,254-774-8700
Storage,Biggie Mini Self Storage,254-742-2288
Storage,U-Haul Moving & Storage of Midway,254-727-7216
Storage,Alpha Omega Self Storage,254-771-4136
Storage,Security Mini Storage South,254-771-0707
Storage,Southpark Self Storage,254-778-0965
Storage,UlockStore Cheap Self Storage Units,254-410-0118
Storage,GuardBox Storage Temple,254-221-6877
Storage,Arbors Self Storage,254-773-7731
Storage,Extra Space Storage Temple,254-634-2097
Storage,Extra Space Storage Killeen,254-699-7000
Storage,Extra Space Storage,254-526-0509
Storage,Move It Self Storage,254-347-3143
Storage,Big Red Barn Self Storage Killeen,254-554-7353
Storage,Clear Creek Storage,254-952-6523
Storage,Storage Solutions,254-634-5798
Storage,Solang Self Storage Unit,254-441-3110
Insurance,Goose Head Insurance,254-939-7750
Insurance,Finney Insurance Agency,254-939-5751
Insurance,John Corsi State Farm,254-939-5846
Insurance,Veronica Logan State Farm,254-613-2523
Insurance,Jeanie Barnhill Allstate,254-939-9268
Insurance,Direct Auto Insurance,254-295-1502
Insurance,Allie Insurance Ally,512-809-9719
Insurance,Evans Ewan & Brady Insurance,512-869-1511
Insurance,Prestige Insurance,254-340-4633
Insurance,Laurne Smith State Farm,254-780-3276
Insurance,Don M Miller,254-939-7000
Insurance,Michael Seiler Farmers Insurance,254-231-4955
Insurance,Paige Connelly,760-445-1053
Insurance,First Community Title Co,254-831-9320
Insurance,Tyler Jermstad State Farm,254-774-9090
Insurance,Acceptance Insurance,254-774-7722
Insurance,Remco Auto Insurance,254-800-1000
Insurance,Laura Harris Allstate,254-332-1263
Insurance,AllAbout Insurance,254-773-3833
Insurance,A-Max Auto Insurance,254-773-9000
Insurance,Freeway Insurance,254-859-4018
Insurance,Kenneth Paysse Farmers,254-778-7136
Insurance,Winker Insurance Agency,254-771-5600
Insurance,Scott Reid Farmers,254-773-8872
Insurance,Dana Hoelscher Farmers,254-314-2626
Insurance,Bruton Insurance,254-778-3871
Insurance,Centralland Title Company,254-771-1346
Insurance,Timothy Davis Aflac,254-791-3825
Insurance,Wheeler & Associates Insurance,254-791-0039
Insurance,Mitchell Davis,254-778-8826
Insurance,Standard Insurance Agency,254-773-7000
Pest Control,Elite Exterminators,254-939-7245
Pest Control,Game over Pest Control,254-721-6287
Pest Control,Hartman Pest Control,254-780-2514
Pest Control,Stand Alone Pest control,254-743-8715
Pest Control,855bugs.com,254-773-0352
Pest Control,Terminix,254-743-6064
Pest Control,The Bug Master,254-939-4458
Pest Control,Budget Pest Control,254-760-4336
Pest Control,Beaver Pest Control,254-939-8021
Pest Control,ACH Pest Inc.,254-773-7600
Pest Control,CentTex Pest Control,254-760-1206
Pest Control,Buzz Off Pest and Termite LLC,254-624-2990
Pest Control,Mites Pest Control,254-624-1597
Pest Control,Belton Pest Control,254-266-8855
Pest Control,B's Pest Control,254-773-1993
Pest Control,Same Day Pest Control Temple,254-236-9779
Pest Control,Advantage Pest Control,254-913-2552
Pest Control,BMI Pest Management,254-771-9933
Pest Control,Confidence Pest Control,254-500-8177
Pest Control,Ameritech Pest Control Services,254-771-5252
Pest Control,Killeen Pest Control Inc.,254-634-2646
Pest Control,Killeen Pest Control Lawn Care,254-634-7645
Pest Control,Rivers Pest Services,254-306-4318
Electricians,Apex Electrical Services,254-421-9254
Electricians,Dr. Watts Electric Heating and Air,254-939-3534
Electricians,Templeton Electric Co,254-423-3026
Electricians,Smiley Electric,254-931-2980
Electricians,Action Electric Co,254-913-1900
Electricians,Rich Services,254-831-3046
Electricians,Ramm's Electrical Services,254-269-3003
Electricians,Berg Electric,254-939-3846
Electricians,Baird & Hunter Electric,254-939-6686
Electricians,LXT-LEVELECTRIC LLC,254-931-2981
Electricians,Bestway Electric Co,254-939-5865
Electricians,Lochridge-Priest LLC,254-773-0003
Electricians,ARS/Rescue Rooter,254-434-2444
Electricians,Amos Electric Supply Co,254-778-4271
Electricians,Bluebonnet Electrical Services,254-771-0801
Electricians,Z Electric Inc,254-702-7613
Electricians,Zaap Electrical,254-727-2199
Electricians,DGM Electric,254-223-0106
Electricians,Vidana Electric,254-718-2215
Electricians,MEP Electric,254-447-6935
Electricians,Brown Electric Contractors Inc,254-773-4823
Electricians,Bel Tex Electric,254-931-5866
Electricians,In Charge Electric,254-231-3892
Electricians,Jon K Ming Electric,254-295-6762
Electricians,CG Electric,254-316-9772
Electricians,MultiVolt Electric,254-295-1985
Electricians,Sudaz Electric,254-778-4514
Electricians,Warren Electric,254-721-6069
Electricians,ABC Electrical Services LLC,254-773-9774
Electricians,MTEX Electric,254-913-7940
Electricians,Kelly Electric,254-982-4204
Electricians,Durbin Electrical Services,254-771-0801
Electricians,AV Electric,254-913-4804
Electricians,Amped Up Electrical Services,254-535-4164
Electricians,A & B Electrical Services,254-702-7654
Electricians,Deane Electric & Air Conditioning,254-371-5016
Electricians,CWS Services,254-616-5990
Electricians,Recon Electric LLC,254-233-7272
Electricians,Edison Electricians of Killeen,254-875-0418
Electricians,Bojailey Electric,254-200-1373
Plumbers,Roto-Rooster Plumbing & Drain Services,254-939-6999
Plumbers,Rooter Man of Belton,254-231-0014
Plumbers,Wayne Hyde Plumbing,254-410-4416
Plumbers,DRY IT! Services Water Restoration,254-314-6544
Plumbers,Blounts speedy Rooter,254-774-7211
Plumbers,Hunt Plumbing,254-493-0269
Plumbers,CTX Maximum Plumbing,254-368-2775
Plumbers,Just In Time Plumbing,254-295-6314
Plumbers,Saverse Plumbing,254-721-1500
Plumbers,Nagy Plumbing,254-760-9334
Plumbers,H & M Plumbing,254-939-4495
Plumbers,Precise Plumbing & Irrigation,254-913-3634
Plumbers,Yount Sewer & Drain-Septic Services,254-773-8032
Plumbers,R & V Plumbing Services LLC,254-721-7520
Plumbers,FIX IT! Services,254-247-2100
Plumbers,Ready Plumber Temple,254-239-0461
Plumbers,Dons Plumbing,254-778-5986
Plumbers,Guerra Plumbing,254-771-3576
Plumbers,Ramirez Plumbing,254-718-0828
Plumbers,Cruz Plumbing,254-778-5425
